{
  "clean_room": "GLASS-generated FITS fixtures and GLASS resident artifacts only; no external implementation source inspected.",
  "device": {
    "available_to_glass": true,
    "compute_capability": "12.0",
    "device_id": 0,
    "memory_total_mib": 97886,
    "multi_processor_count": 188,
    "name": "NVIDIA RTX PRO 6000 Blackwell Workstation Edition",
    "native_backend": true
  },
  "frame_count": 8,
  "gate": "S2-Gate448",
  "master_max_abs": 0.0,
  "master_mean_abs": 0.0,
  "resident_run_elapsed_s": 0.16470069999922998,
  "resident_timing_s": {
    "gc": 0.0048467000015079975,
    "light_calibrate_store": 0.00038179200887680055,
    "light_calibration_batch_native_total": 0.0006266,
    "light_calibration_batch_stream_h2d_calibrate_store": 0.00038179200887680055,
    "light_calibration_batch_sync": 0.00030460000000000003,
    "light_fits_materialize_decode": 0.0036240000044927,
    "light_fits_materialize_decode_worker_cumulative": 0.0036240000044927,
    "light_fits_native_decode": 0.0,
    "light_fits_native_file_read": 0.0,
    "light_fits_native_total": 0.0,
    "light_fits_open": 0.0026382999785710126,
    "light_fits_open_worker_cumulative": 0.0026382999785710126,
    "light_h2d": 0.0,
    "light_h2d_calibrate_store": 0.010072599980048835,
    "light_host_copy_to_pinned": 0.0,
    "light_loop_unaccounted": 0.014091300021391362,
    "light_read_decode": 0.0012910999939776957,
    "light_read_decode_worker": 0.006265400006668642,
    "light_read_overlap_saved": 0.0049743000126909465,
    "light_read_upload_calibrate": 0.03030169999692589,
    "light_read_wait_wall": 0.0012910999939776957,
    "light_read_worker_cumulative": 0.006265400006668642,
    "master_build_or_load": 0.011891699978150427,
    "output_write": 0.0034225000126753002,
    "per_frame_calibrate_store_mean": 4.772400110960007e-05,
    "per_frame_fits_materialize_decode_mean": 0.0004530000005615875,
    "per_frame_fits_open_mean": 0.0003297874973213766,
    "per_frame_h2d_calibrate_store_mean": 0.0012590749975061044,
    "per_frame_h2d_mean": 0.0,
    "per_frame_host_copy_to_pinned_mean": 0.0,
    "per_frame_max": 0.02237220000824891,
    "per_frame_mean": 0.007699975001742132,
    "per_frame_min": 0.004679400008171797,
    "per_frame_read_decode_mean": 0.00016138749924721196,
    "per_frame_read_decode_worker_mean": 0.0007831750008335803,
    "per_frame_registration_mean": 0.0,
    "registration_preview_setup": 0.00011039999662898481,
    "resident_allocate_and_master_upload": 0.041077999980188906,
    "resident_fused_matrix_integration_native": 0.0,
    "resident_hardened_winsorized_native": 0.0,
    "resident_integration": 0.0001272000081371516,
    "resident_local_normalization": 4.00003045797348e-07,
    "resident_registration_component_accounted": 0.0,
    "resident_registration_orchestration": 0.0,
    "resident_registration_warp": 0.0,
    "resident_registration_warp_deferred": 0.0,
    "resident_registration_warp_during_load": 0.0,
    "resident_weighting": 0.00012760001118294895
  },
  "shape": {
    "height": 64,
    "width": 64
  },
  "sidecar_frame_count": 2,
  "sidecar_invalid_samples": 2,
  "source_dq_summary": {
    "applied_frame_count": 2,
    "input_flagged_samples": 2,
    "input_invalid_samples_before_rejection": 2,
    "passed": true,
    "source_dq_flag_counts": {
      "hot_pixel": 2
    },
    "status_counts": {
      "applied": 2,
      "no_invalid_samples": 6
    }
  },
  "total_elapsed_s": 0.2913317000202369,
  "validation": "synthetic_file_sidecar_resident_cuda_vs_cpu_expected",
  "weight_max_abs": 0.0,
  "weight_mean_abs": 0.0
}