{
  "schema_version": 1,
  "gate": "S2-Gate438",
  "runs": {
    "gate437_profiled_warm": {
      "run": "C:\\glass_runs\\final_m38_h_200\\glass_s2_gate437_profiled_warm_v1_20260619_210732",
      "total_stage_s": 17.34015720000025,
      "master_build_or_load_s": 0.43649910000385717,
      "light_read_upload_calibrate_s": 6.557068900001468,
      "light_read_wait_wall_s": 3.8343446999497246,
      "worker_read_cumulative_s": 37.43545510014519,
      "fits_open_cumulative_s": 0.25518520013429224,
      "fits_materialize_decode_cumulative_s": 33.257786900008796,
      "native_h2d_calibrate_store_s": 1.9749003000000005,
      "registration_warp_s": 1.6377223001618404,
      "integration_s": 0.2922178999870084,
      "output_write_s": 2.5093351999821607,
      "fits_read_mode": null,
      "fits_backend_counts": null,
      "fallback_counts": null,
      "overlap_efficiency": 0.8975745135275555,
      "frame_mask_summary": {
        "active": 193,
        "masked": 7,
        "unknown_zero_weight": 0,
        "passed": true
      },
      "dq_passed": true,
      "master_cache": {
        "passed": true,
        "hit": 1,
        "miss": 0
      }
    },
    "gate438_fast_auto": {
      "run": "C:\\glass_runs\\final_m38_h_200\\glass_s2_gate438_fastfits_warm_20260619_212912",
      "total_stage_s": 17.602828299975954,
      "master_build_or_load_s": 0.41915509998216294,
      "light_read_upload_calibrate_s": 6.563764000020456,
      "light_read_wait_wall_s": 3.832018800196238,
      "worker_read_cumulative_s": 37.58191009997972,
      "fits_open_cumulative_s": 0.12888380003278144,
      "fits_materialize_decode_cumulative_s": 37.452886999963084,
      "native_h2d_calibrate_store_s": 2.0012115,
      "registration_warp_s": 1.634971499821404,
      "integration_s": 0.28894989998661913,
      "output_write_s": 2.5443719000031706,
      "fits_read_mode": "auto",
      "fits_backend_counts": {
        "fast_simple": 200
      },
      "fallback_counts": {},
      "overlap_efficiency": 0.8980355498163383,
      "frame_mask_summary": {
        "active": 193,
        "masked": 7,
        "unknown_zero_weight": 0,
        "passed": true
      },
      "dq_passed": true,
      "master_cache": {
        "passed": true,
        "hit": 1,
        "miss": 0
      }
    },
    "gate438_astropy_control": {
      "run": "C:\\glass_runs\\final_m38_h_200\\glass_s2_gate438_astropy_control_warm_20260619_213148",
      "total_stage_s": 17.28835899999831,
      "master_build_or_load_s": 0.41212279998580925,
      "light_read_upload_calibrate_s": 6.624953699996695,
      "light_read_wait_wall_s": 3.9392954999930225,
      "worker_read_cumulative_s": 37.972014999977546,
      "fits_open_cumulative_s": 0.25657540015527047,
      "fits_materialize_decode_cumulative_s": 33.797578599856934,
      "native_h2d_calibrate_store_s": 1.9584481999999999,
      "registration_warp_s": 1.6375085999607109,
      "integration_s": 0.28844780000508763,
      "output_write_s": 2.2511336999887135,
      "fits_read_mode": "astropy",
      "fits_backend_counts": {
        "astropy_scaled_memmap": 200
      },
      "fallback_counts": {},
      "overlap_efficiency": 0.8962579283718456,
      "frame_mask_summary": {
        "active": 193,
        "masked": 7,
        "unknown_zero_weight": 0,
        "passed": true
      },
      "dq_passed": true,
      "master_cache": {
        "passed": true,
        "hit": 1,
        "miss": 0
      }
    }
  },
  "comparisons": {
    "gate438_fast_auto_vs_gate437": {
      "shape_match": true,
      "rms_diff": 0.0,
      "relative_rms_diff": 0.0,
      "max_abs_diff": 0.0,
      "abs_diff_p999": 0.0
    },
    "gate438_fast_auto_vs_astropy_control": {
      "shape_match": true,
      "rms_diff": 0.0,
      "relative_rms_diff": 0.0,
      "max_abs_diff": 0.0,
      "abs_diff_p999": 0.0
    }
  },
  "interpretation": {
    "fast_backend_hit_count": 200,
    "fast_changed_pixels": false,
    "fast_total_delta_s_vs_astropy_control": 0.3144692999776453,
    "fast_light_pipeline_delta_s_vs_astropy_control": -0.06118969997623935,
    "default_promoted": false,
    "default_reader_after_gate": "astropy",
    "reason": "fast simple primary reader proved zero-delta and records backend counts, but did not beat same-code astropy control on the 200-light warm-cache run"
  }
}