{
  "artifact_type": "resident_runtime_compare",
  "baseline_label": "gate218_default_repeat02",
  "comparisons": [
    {
      "baseline_label": "gate218_default_repeat02",
      "candidate_label": "gate218_default_repeat01",
      "elapsed_delta_s": 1.2092573000045377,
      "elapsed_ratio": 1.053510511049479,
      "timing_delta": {
        "gc": {
          "baseline_s": 0.007677999994484708,
          "candidate_s": 0.004911000003630761,
          "delta_s": -0.0027669999908539467,
          "ratio": 0.6396196935606213
        },
        "light_h2d_calibrate_store": {
          "baseline_s": 2.5109821000150987,
          "candidate_s": 2.8530720000126166,
          "delta_s": 0.34208989999751793,
          "ratio": 1.1362374905004144
        },
        "light_read_upload_calibrate": {
          "baseline_s": 7.4872781000012765,
          "candidate_s": 7.62685380000039,
          "delta_s": 0.13957569999911357,
          "ratio": 1.018641714403408
        },
        "light_read_wait_wall": {
          "baseline_s": 4.125028000009479,
          "candidate_s": 3.7852790000324603,
          "delta_s": -0.3397489999770187,
          "ratio": 0.9176371651353062
        },
        "light_read_worker_cumulative": {
          "baseline_s": 42.52882049995242,
          "candidate_s": 40.97371410004416,
          "delta_s": -1.5551063999082544,
          "ratio": 0.9634340576195854
        },
        "master_build_or_load": {
          "baseline_s": 0.4969963999974425,
          "candidate_s": 0.5242414999956964,
          "delta_s": 0.027245099998253863,
          "ratio": 1.0548195117678802
        },
        "output_write": {
          "baseline_s": 2.552283900004113,
          "candidate_s": 2.507991699996637,
          "delta_s": -0.04429220000747591,
          "ratio": 0.9826460528127751
        },
        "resident_integration": {
          "baseline_s": 0.5301833999983501,
          "candidate_s": 0.5424152999985381,
          "delta_s": 0.012231900000188034,
          "ratio": 1.0230710731422865
        },
        "resident_registration_warp": {
          "baseline_s": 4.934312400029739,
          "candidate_s": 5.260200699958659,
          "delta_s": 0.3258882999289199,
          "ratio": 1.0660453318535235
        }
      }
    },
    {
      "baseline_label": "gate218_default_repeat02",
      "candidate_label": "gate218_default_repeat03",
      "elapsed_delta_s": 0.1470329000003403,
      "elapsed_ratio": 1.0065063122795088,
      "timing_delta": {
        "gc": {
          "baseline_s": 0.007677999994484708,
          "candidate_s": 0.016049799996835645,
          "delta_s": 0.008371800002350938,
          "ratio": 2.090362074546054
        },
        "light_h2d_calibrate_store": {
          "baseline_s": 2.5109821000150987,
          "candidate_s": 2.47903070000757,
          "delta_s": -0.03195140000752872,
          "ratio": 0.987275337403904
        },
        "light_read_upload_calibrate": {
          "baseline_s": 7.4872781000012765,
          "candidate_s": 7.242576399999962,
          "delta_s": -0.24470170000131475,
          "ratio": 0.9673176691538581
        },
        "light_read_wait_wall": {
          "baseline_s": 4.125028000009479,
          "candidate_s": 3.952964400014025,
          "delta_s": -0.17206359999545384,
          "ratio": 0.9582878952591211
        },
        "light_read_worker_cumulative": {
          "baseline_s": 42.52882049995242,
          "candidate_s": 41.356951400062826,
          "delta_s": -1.1718690998895909,
          "ratio": 0.9724452950701771
        },
        "master_build_or_load": {
          "baseline_s": 0.4969963999974425,
          "candidate_s": 0.46356379999633646,
          "delta_s": -0.03343260000110604,
          "ratio": 0.9327306998576286
        },
        "output_write": {
          "baseline_s": 2.552283900004113,
          "candidate_s": 2.4532888999965508,
          "delta_s": -0.09899500000756234,
          "ratio": 0.9612131706792482
        },
        "resident_integration": {
          "baseline_s": 0.5301833999983501,
          "candidate_s": 0.5186803000033251,
          "delta_s": -0.011503099995024968,
          "ratio": 0.9783035455371466
        },
        "resident_registration_warp": {
          "baseline_s": 4.934312400029739,
          "candidate_s": 5.362780800045584,
          "delta_s": 0.42846840001584496,
          "ratio": 1.086834469583495
        }
      }
    }
  ],
  "created_at": "2026-06-17T20:41:52+00:00",
  "ranked_runs": [
    {
      "label": "gate218_default_repeat02",
      "resident_io_pipeline": {
        "calibration_batch_requested_frames": 8,
        "calibration_batch_requested_streams": 4,
        "calibration_release_mode_effective": "callback_queue",
        "calibration_release_mode_requested": "callback_queue",
        "calibration_wave_requested_frames": 2,
        "h2d_mode": "pinned_ring",
        "prefetch_frames": 12,
        "prefetch_refill_mode": "queued",
        "prefetch_workers": 7
      },
      "run": "C:\\glass_runs\\phase2_s2_gate_218_runtime_repeat\\runs\\gate218_default_repeat02",
      "run_exists": true,
      "timing_s": {
        "gc": 0.007677999994484708,
        "light_h2d_calibrate_store": 2.5109821000150987,
        "light_read_upload_calibrate": 7.4872781000012765,
        "light_read_wait_wall": 4.125028000009479,
        "light_read_worker_cumulative": 42.52882049995242,
        "master_build_or_load": 0.4969963999974425,
        "output_write": 2.552283900004113,
        "resident_integration": 0.5301833999983501,
        "resident_registration_warp": 4.934312400029739
      },
      "total_elapsed_s": 22.598500299995067
    },
    {
      "label": "gate218_default_repeat03",
      "resident_io_pipeline": {
        "calibration_batch_requested_frames": 8,
        "calibration_batch_requested_streams": 4,
        "calibration_release_mode_effective": "callback_queue",
        "calibration_release_mode_requested": "callback_queue",
        "calibration_wave_requested_frames": 2,
        "h2d_mode": "pinned_ring",
        "prefetch_frames": 12,
        "prefetch_refill_mode": "queued",
        "prefetch_workers": 7
      },
      "run": "C:\\glass_runs\\phase2_s2_gate_218_runtime_repeat\\runs\\gate218_default_repeat03",
      "run_exists": true,
      "timing_s": {
        "gc": 0.016049799996835645,
        "light_h2d_calibrate_store": 2.47903070000757,
        "light_read_upload_calibrate": 7.242576399999962,
        "light_read_wait_wall": 3.952964400014025,
        "light_read_worker_cumulative": 41.356951400062826,
        "master_build_or_load": 0.46356379999633646,
        "output_write": 2.4532888999965508,
        "resident_integration": 0.5186803000033251,
        "resident_registration_warp": 5.362780800045584
      },
      "total_elapsed_s": 22.745533199995407
    },
    {
      "label": "gate218_default_repeat01",
      "resident_io_pipeline": {
        "calibration_batch_requested_frames": 8,
        "calibration_batch_requested_streams": 4,
        "calibration_release_mode_effective": "callback_queue",
        "calibration_release_mode_requested": "callback_queue",
        "calibration_wave_requested_frames": 2,
        "h2d_mode": "pinned_ring",
        "prefetch_frames": 12,
        "prefetch_refill_mode": "queued",
        "prefetch_workers": 7
      },
      "run": "C:\\glass_runs\\phase2_s2_gate_218_runtime_repeat\\runs\\gate218_default_repeat01",
      "run_exists": true,
      "timing_s": {
        "gc": 0.004911000003630761,
        "light_h2d_calibrate_store": 2.8530720000126166,
        "light_read_upload_calibrate": 7.62685380000039,
        "light_read_wait_wall": 3.7852790000324603,
        "light_read_worker_cumulative": 40.97371410004416,
        "master_build_or_load": 0.5242414999956964,
        "output_write": 2.507991699996637,
        "resident_integration": 0.5424152999985381,
        "resident_registration_warp": 5.260200699958659
      },